id,firstname,lastname,title,party_slug,text,image_url,gender,birthday,website,slug,email,list,marital_status,children,education,profession,district_id,electoraldistrict_id,bt18_member,bt19_candidate,bt19_member,online_profiles,twitter_handle,MUST_CHECK
1,Enrico,Komning,NULL,afd,Landtagsabgeordneter in Mecklenburg-Vorpommern,,m,NULL,,enrico-komning-afd,,0,,NULL,,Rechtsanwalt,13,16,0,1,NULL,NULL,,
2,Martin,Schulz,NULL,spd,Designierter Kanzlerkandidat der SPD,,m,NULL,,martin-schulz-spd,,0,,NULL,,,NULL,NULL,NULL,1,NULL,NULL,MartinSchulz,
3,Katrin,Ebner-Steiner,,afd,AfD-Kreisvorsitzende in Deggendorf,,f,NULL,,katrin-ebner-steiner-afd,,0,,NULL,,,14,227,NULL,1,NULL,,,
4,Christoph,Neumann,,afd,,,m,NULL,,christoph-neumann-afd,,0,,NULL,,,14,153,0,1,NULL,,,
5,Detlev,Spangenberg,,afd,,,m,NULL,,detlev-spangenberg-afd,,0,,NULL,,,14,151,0,1,NULL,,,
6,Carsten Paul,Hütter,,afd,,,m,NULL,,carsten paul-huetter-afd,,0,,NULL,,,14,155,0,1,NULL,,,
7,Jens,Maier,,afd,,,m,NULL,,jens-maier-afd,,0,,NULL,,,14,159,0,1,NULL,,,
8,Stefan,Vogel,,afd,,,m,NULL,,stefan-vogel-afd,,0,,NULL,,,14,160,0,1,NULL,,,
9,Tino,Chrupalla,,afd,,,m,NULL,,tino-chrupalla-afd,,0,,NULL,,,14,157,0,1,NULL,,,
10,Karsten,Hilse,,afd,,,m,NULL,,karsten-hilse-afd,,0,,NULL,,,14,156,0,1,NULL,,,
11,Frauke,Petry,Dr.,afd,,,f,NULL,,frauke-petry-afd,,0,,NULL,,,14,158,0,1,NULL,,,
12,Heiko,Hessenkemper,,afd,,,m,NULL,,heiko-hessenkemper-afd,,0,,NULL,,,14,161,0,1,NULL,,,
13,Jörg,Vieweg,,afd,,,m,NULL,,joerg-vieweg-afd,,0,,NULL,,,14,162,0,1,NULL,,,
14,Ulrich,Oehme,,afd,,,m,NULL,,ulrich-oehme-afd,,0,,NULL,,,14,163,0,1,NULL,,,
15,Karsten Uwe,Teubner,,afd,,,m,NULL,,karsten-uwe-teubner-afd,,0,,NULL,,,14,164,0,1,NULL,,,
16,Ulrich,Lupart,,afd,,,m,NULL,,ulrich-lupart-afd,,0,,NULL,,,14,166,0,1,NULL,,,
17,Benjamin J.,Przybylla,,afd,,,m,NULL,,benjamin-przybylla-afd,,0,,NULL,,,14,165,0,1,NULL,,,
18,Lars,Herrmann,,afd,,,m,NULL,,lars-herrmann-afd,,0,,NULL,,,14,154,0,1,NULL,,,
19,Siegbert F.,Droese,,afd,,,m,NULL,,siegbert-droese-afd,,0,,NULL,,,14,152,0,1,NULL,,,
20,Matthias,Lehmann,,afd,,,m,NULL,,matthias-lehmann-afd,,0,,NULL,,,7,206,0,1,NULL,,,
21,Alice,Weidel,Dr.,afd,,,f,NULL,,alice-weidel-afd,,1,,NULL,,,8,NULL,0,1,NULL,,,
22,Lothar,Maier,Prof. Dr.,afd,,,m,NULL,,lothar-maier-afd,,2,,NULL,,,8,NULL,0,1,NULL,,,
23,Marc,Jongen,Dr.,afd,,,m,NULL,,marc-jongen-afd,,3,,NULL,,,8,NULL,0,1,NULL,,,
24,Markus,Frohnmaier,,afd,,,m,NULL,,markus-frohnmaier-afd,,4,,NULL,,,8,NULL,0,1,NULL,,,
25,Thomas,Seitz,,afd,,,m,NULL,,thomas-seitz-afd,,5,,NULL,,,8,NULL,0,1,NULL,,,
26,Jürgen,Jürgen,,afd,,,m,NULL,,jürgen-jürgen-afd,,6,,NULL,,,8,NULL,0,1,NULL,,,!
27,Martin,Hess,,afd,,,m,NULL,,martin-hess-afd,,7,,NULL,,,8,NULL,0,1,NULL,,,
28,Volker,Münz,,afd,,,m,NULL,,volker-muenz-afd,,8,,NULL,,,8,NULL,0,1,NULL,,,
29,Marc,Bernhard,,afd,,,m,NULL,,marc-bernhard-afd,,9,,NULL,,,8,NULL,0,1,NULL,,,
30,Dirk,Spaniel,Dr.,afd,,,m,NULL,,dirk-spaniel-afd,,10,,NULL,,,8,NULL,0,1,NULL,,,
31,Franziska,Gminder,,afd,,,f,NULL,,franziska-gminder-afd,,11,,NULL,,,8,NULL,0,1,NULL,,,
32,Joachim,Senger,,afd,,,m,NULL,,joachim-senger-afd,,12,,NULL,,,8,NULL,0,1,NULL,,,
33,Jens,Zeller,Prof. Dr.,afd,,,m,NULL,,jens-zeller-afd,,13,,NULL,,,8,NULL,0,1,NULL,,,
34,Joachim,Kuhs,,afd,,,m,NULL,,joachim-kuhs-afd,,14,,NULL,,,8,NULL,0,1,NULL,,,
35,Jens,Anhorn,,afd,,,m,NULL,,jens-anhorn-afd,,15,,NULL,,,8,NULL,0,1,NULL,,,
36,Mariana,Harder-Kühnel,,afd,,,f,NULL,,mariana-harder-kuehnel-afd,,1,,NULL,,,6,NULL,0,1,NULL,,,
37,Peter,Münch,,afd,,,m,NULL,,peter-muench-afd,,2,,NULL,,,6,NULL,0,1,NULL,,,
38,Joana,Cotar,,afd,,,f,NULL,,joana-cotar-afd,,3,,NULL,,,6,NULL,0,1,NULL,,,
39,Martin,Hohmann,,afd,,,m,NULL,,martin-hohmann-afd,,4,,NULL,,,6,NULL,0,1,NULL,,,
40,Albrecht,Glaser,,afd,,,m,NULL,,albrecht-glaser-afd,,5,,NULL,,,6,NULL,0,1,NULL,,,
41,Uwe,Schulz,,afd,,,m,NULL,,uwe-schulz-afd,,6,,NULL,,,6,NULL,0,1,NULL,,,
42,Jan,Nolte,,afd,,,m,NULL,,jan-nolte-afd,,7,,NULL,,,6,NULL,0,1,NULL,,,
43,Manfred,Mattis,,afd,,,m,NULL,,manfred-mattis-afd,,8,,NULL,,,6,NULL,0,1,NULL,,,
44,Christine,Anderson,,afd,,,f,NULL,,christine-anderson-afd,,9,,NULL,,,6,NULL,0,1,NULL,,,
45,Andreas,Lichert,,afd,,,m,NULL,,andreas-lichert-afd,,10,,NULL,,,6,NULL,0,1,NULL,,,
46,Frank,Karnbach,,afd,,,m,NULL,,frank-karnbach-afd,,11,,NULL,,,6,NULL,0,1,NULL,,,
47,Klaus,Herrmann,,afd,,,m,NULL,,klaus-herrmann-afd,,12,,NULL,,,6,NULL,0,1,NULL,,,
48,Julian,Schmidt,,afd,,,m,NULL,,julian-schmidt-afd,,13,,NULL,,,6,NULL,0,1,NULL,,,
49,Robert,Rankl,,afd,,,m,NULL,,robert-rankl-afd,,14,,NULL,,,6,NULL,0,1,NULL,,,
50,Karl-Ludwig,Kunstein,,afd,,,m,NULL,,karl-ludwig-kunstein-afd,,15,,NULL,,,6,NULL,0,1,NULL,,,
51,Aljoscha,Utermark,,afd,,,,NULL,,aljoscha-utermark-afd,,16,,NULL,,,6,NULL,0,1,NULL,,,
52,Ulrike,Schielke-Ziesing,,afd,Landesschatzmeisterin der AfD MV,,f,NULL,,ulrike-schielke-ziesing-afd,,0,,NULL,,Verwaltungsangestellte,13,17,0,1,NULL,,,
53,Hagen,Brauer,Dr.,afd,Schweriner Stadtverordneter,,m,NULL,,hagen-brauer-afd,,0,,NULL,,Chemiker,13,12,0,1,NULL,,,
54,Lars,Löwe,,afd,,,m,NULL,,lars-loewe-afd,,0,,NULL,,Lehrer,13,13,0,1,NULL,,,
55,Thomas,Koch,,afd,,,m,NULL,,thomas-koch-afd,,0,,NULL,,kaufmännischer Angestellter,13,14,0,1,NULL,,,
56,Leif-Erik,Holm,,afd,Landtags-Fraktionsvorsitzende und Landessprecher der AfD MV,,m,NULL,,leif-erik-holm-afd,,0,,NULL,,,13,15,0,1,NULL,,,
57,Angela,Merkel,Dr.,cdu,Bundeskanzlerin,,f,NULL,,angela-merkel-cdu,,,,NULL,,,13,15,1,1,NULL,,,
58,Hans-Joachim,Berg,Dr.,afd,,,m,NULL,NULL,hans-joachim-berg-afd,NULL,NULL,NULL,NULL,NULL,NULL,11,79,0,1,NULL,,,
59,Nicolaus,Fest,,afd,,,m,NULL,NULL,nicolaus-fest-afd,NULL,NULL,NULL,NULL,NULL,NULL,11,80,0,1,NULL,,,
60,Georg,Pazderski,,afd,,,m,NULL,NULL,georg-pazderski-afd,NULL,NULL,NULL,NULL,NULL,NULL,11,76,0,1,NULL,,,
,Marcus,Weinberg,,cdu,,,m,,,marcus-weinberg-cdu,,1,,,,,2,19,NULL,1,NULL,,,
,Rüdiger,Kruse,,cdu,,,m,,,ruediger-kruse-cdu,,2,,,,,2,20,NULL,1,NULL,,,
,Christoph,de Vries,,cdu,,,m,,,christoph-de-vries-cdu,,3,,,,,2,18,NULL,1,NULL,,,
,Christoph,Ploß,,cdu,,,m,,,christoph-ploß-cdu,,4,,,,,2,21,NULL,1,NULL,,,
,Herlind,Gundelach,Dr.,cdu,,,f,1949-02-28,http://www.herlindgundelach.de/,herlind-gundelach-cdu,,5,,,,,2,23,1,1,NULL,,,
,Eckard,Graage,,cdu,,,m,,,eckard-graage-cdu,,6,,,,,2,22,NULL,1,NULL,,,
,Antonia,Niecke,,cdu,,,f,,,antonia-niecke-cdu,,7,,,,,2,NULL,NULL,1,NULL,,,
,Egbert,von Frankenberg,,cdu,,,m,,,egbert-von frankenberg-cdu,,8,,,,,2,NULL,NULL,1,NULL,,,
,Birgit,Stöver,,cdu,,,f,,,birgit-stoever-cdu,,9,,,,,2,NULL,NULL,1,NULL,,,
,Brit-Meike,Fischer-Pinz,,cdu,,,f,,,brit-meike-fischer-pinz-cdu,,10,,,,,2,NULL,NULL,1,NULL,,,
,Richard,Seelmaecker,,cdu,,,m,,,richard-seelmaecker-cdu,,11,,,,,2,NULL,NULL,1,NULL,,,
,Stefan,Körner,,piraten,,,m,,,stefan-koerner-piraten,,1,,,,,9,NULL,0,1,NULL,,,
,Olaf Konstantin,Krueger,Dr.,piraten,,,m,,,olaf-konstantin-krueger-piraten,,2,,,,,9,NULL,0,1,NULL,,,
,Katharina,Graßler,,piraten,,,f,,,katharina-grassler-piraten,,3,,,,,9,NULL,0,1,NULL,,,
,Benjamin,Wildenauer,,piraten,,,m,,,benjamin-wildenauer-piraten,,4,,,,,9,NULL,0,1,NULL,,,
,Holger,van Lengerich,,piraten,,,m,,,holger-van-lengerich-piraten,,5,,,,,9,NULL,0,1,NULL,,,
,Martina,Wenta,,piraten,,,f,,,martina-wenta-piraten,,6,,,,,9,NULL,0,1,NULL,,,
,Thomas,Mayer,,piraten,,,m,,,thomas-mayer-piraten,,7,,,,,9,NULL,0,1,NULL,,,
,Alex,Kohler,,piraten,,,m,,,alex-kohler-piraten,,8,,,,,9,NULL,0,1,NULL,,,
,Michael,Böhm,,piraten,,,m,,,michael-boehm-piraten,,9,,,,,9,NULL,0,1,NULL,,,
,Christian Andreas,Haas,,piraten,,,m,,,christian-andreas-haas-piraten,,10,,,,,9,NULL,0,1,NULL,,,
,Reinhold,Deuter,,piraten,,,m,,,reinhold-deuter-piraten,,11,,,,,9,NULL,0,1,NULL,,,
,Bernd,Wenzel,,piraten,,,m,,,bernd-wenzel-piraten,,12,,,,,9,NULL,0,1,NULL,,,
,Thomas,Wagner,,piraten,,,m,,,thomas-wagner-piraten,,13,,,,,9,NULL,0,1,NULL,,,
,Bettina,Hagedorn,,spd,,,f,1955-12-26,http://www.bettina-hagedorn.de,bettina-hagedorn-spd,,1,2,3,,,1,9,1,1,NULL,,,
,Sönke,Rix,,spd,,,m,,,soenke-rix-spd,,2,,,,,1,4,1,1,NULL,,SoenkeRix,
,Nina,Scheer,Dr.,spd,,,f,,,nina-scheer-spd,,3,,,,,1,10,1,1,NULL,,,
,Ernst Dieter,Rossmann,Dr.,spd,,,m,1951-02-04,http://www.ernst-dieter-rossmann.de,ernst-dieter-rossmann-spd,,4,1,1,,,1,7,1,1,NULL,,,
,Gabi,Hiller-Ohm,,spd,,,f,,,gabi-hiller-ohm-spd,,5,,,,,1,11,1,1,NULL,,gabihillerohm,
,Karin,Thissen,Dr.,spd,,,f,,,karin-thissen-spd,,6,,,,,1,3,1,1,NULL,,,
,Alexander,Wagner,,spd,,,m,,,alexander-wagner-spd,,7,,,,,1,8,0,1,NULL,,,
,Clemens,Teschendorf,,spd,,,m,,,clemens-teschendorf-spd,,8,,,,,1,1,0,1,NULL,,,
,Mathias,Stein,,spd,,,m,,,mathias-stein-spd,,9,,,,,1,5,0,1,NULL,,,
,Birgit,Malecha-Nissen,Dr.,spd,,,f,,,birgit-malecha-nissen-spd,,10,,,,,1,6,1,1,NULL,,,
,Elke Christina,Röder,,spd,,,f,,,elke-christina-roeder-spd,,11,,,,,1,NULL,0,1,NULL,,,
,Beate,Friedrichs-Heinemann,,spd,,,f,,,beate-friedrichs-heinemann-spd,,12,,,,,1,NULL,0,1,NULL,,,
,Martin,Ahrens,,spd,,,m,,,martin-ahrens-spd,,13,,,,,1,NULL,0,1,NULL,,,
,Katrin,Petersen,,spd,,,f,,,katrin-petersen-spd,,14,,,,,1,NULL,0,1,NULL,,,
,Mahmut,Cinar,,spd,,,m,,,mahmut-cinar-spd,,15,,,,,1,NULL,0,1,NULL,,,
,Antje,Möller-Neustock,,spd,,,f,,,antje-moeller-neustock-spd,,16,,,,,1,NULL,0,1,NULL,,,
,Jens,Meyer,,spd,,,m,,,jens-meyer-spd,,17,,,,,1,NULL,0,1,NULL,,,
,Yves-Christian,Stübe,,spd,,,m,1978-02-06,http://yveschristianstuebe.de/,yves-christian-stuebe-spd,,18,1,,,"Immobilienkaufmann, IHK",1,NULL,0,1,NULL,,stuebetour,
,Thies,Petersen,,spd,,,m,,,thies-petersen-spd,,19,,,,,1,NULL,0,1,NULL,,,
,Matthias,Ilgen,,spd,,,m,,,matthias-ilgen-spd,,0,,,,,1,2,1,1,NULL,,MatthiasIlgen,
,Michael,Theurer,,fdp,,,m,,,http://www.michaeltheurer.eu/,michael.theurer@europarl.europa.eu,1,,,,Europaabgeordneter,8,271,,,,http://facebook.com/michael.theurer,EUTheurer,
,Judith,Skudelny,,fdp,,,f,,,,generalsekretaerin@fdp-bw.de,2,,,,Rechtsanwältin,8,258,,,,,,
,Michael,Link,,fdp,,,m,,,,MichaelGeorgLink@t-online.de,3,,,,Direktor OSZE/ODIHR,8,267,,,,,,
,Pascal,Kober,,fdp,,,m,,,,pascal.kober@gmx.de,4,,,,Pfarrer,8,289,,,,,,
,Florian,Toncar,Dr.,fdp,,,m,,,,florian_toncar@yahoo.de,5,,,,Rechtsanwalt,8,260,,,,,,
,Marcel,Klinge,Dr.,fdp,,,m,,,,neustart@marcel-klinge.de,6,,,,Geschäftsführer einer Landtagsfraktion,8,286,,,,http://facebook.com/marcelklinge,marcelklingeVS,
,Renata,Alt,,fdp,,,f,,,,renataalt@fdp-kirchheim-teck.de,7,,,,"Chemie-Ingenieurin, Dipl.-Ing.",8,262,,,,,,
,Benjamin,Strasser,,fdp,,,m,,http://www.benjamin-strasser.de,,post@benjamin-strasser.de,8,,,,Rechtsanwalt,8,294,,,,http://facebook.com/strasser.fdp/,,
,Jens,Brandenburg,Dr.,fdp,,,m,,http://www.jens-brandenburg.de,,info@jens-brandenburg.de,9,,,,Unternehmensberater,8,277,,,,http://facebook.com/JensBrandenburgFDP,,
,Christoph,Hoffmann,Dr.,fdp,,,m,,http://www.christoph-hoffmann.info,,kontakt@christoph-hoffmann.info,10,,,,Bürgermeister,8,282,,,,http://facebook.com/Dr-Christoph-Hoffmann,,
,Alexander,Kulitz,,fdp,,,m,,,,alexander@kulitz.eu,11,,,,Rechtsanwalt und Unternehmer,8,291,,,,http://facebook.com/KulitzAlexander/?fref=ts,,
,Christian,Jung,Dr.,fdp,,,m,,http://www.christian-jung.de,,cj@christian-jung.de,12,,,,Studiendirektor,8,272,,,,http://facebook.com/christianjungfdp,c_jung77,
,Christopher,Gohl,Dr.,fdp,,,m,,,,christopher.gohl@gmail.com,13,,,,Wissenschaftlicher Mitarbeiter,8,290,,,,http://facebook.com/loffergohl/?fref=ts,,
,Stefanie,Knecht,,fdp,,,f,,http://www.stefanieknecht.de,,politik@stefanieknecht.de,14,,,,Immobilienverwalterin,8,265,,,,http://facebook.com/Stefanie.Knecht.FDP/?fref=ts,,
,Janis,Wieskandt,,fdp,,,m,,,,janis.wiskandt@hotmail.de,15,,,,"Bäckermeister, Betriebswirt (HWK)",8,279,,,,,,
,Daniel,Poznanski,,fdp,,,m,,http://www.daniel-poznanski.de ,,dpoz71@aol.com,16,,,,Geschäftsführer Kolleg St. Blasien,8,288,,,,http://facebook.com/daniel.poznanski,DanielPoznanski,
,Marcel,Aulila,,fdp,,,m,,https://marcel-aulila.de ,,marcel@aulila.com,17,,,,Angestellter im technischen Vertrieb,8,285,,,,http://facebook.com/marcelaulilafdp/,,
,Lisa,Walter,,fdp,,,f,,http://www.lisa-walter.de,,info@lisa-walter.de,18,,,,BA Betriebswirtin,8,264,,,,,,
,Carina,Schmidt,,fdp,,,f,,http://www.carina-schmidt-fdp.de/,,carina.schmidt@fdp-main-tauber.de,19,,,,Rechtspflegerin,8,276,,,,http://facebook.com/schmidt.fdp/?fref=ts,,
,Adrian,Hurrle,Dr.,fdp,,,m,,http://www.adrian-hurrle.de,,Adrian.Hurrle@gmx.de,20,,,,Zahnarzt,8,281,,,,http://facebook.com/AdrianHurrleFDP/,,
,Dennis,Nusser,,fdp,,,m,,,,nusser@julis.de ,21,,,,Student,8,274,,,,http://facebook.com/nusserfdp,dennisnusser,
,Tassilo,Richter,,fdp,,,m,,http://www.tassilo-richter.de,,t.richter@fdp-kn.de,22,,,,Kaufmann,8,287,,,,http://facebook.com/TassiloRichterFDP2017,,
,Valentin Christian,Abel,,fdp,,,m,,,,valentin.christian.abel@t-online.de,23,,,,Student,8,268,,,,http://facebook.com/valentinchristianabel,Valentin_C_Abel,
,Dirk,Mrotzeck,,fdp,,,m,,,,dirk.mrotzeck@gmx.de,24,,,,"Speditionkaufmann, Betriebswirt VWA",8,295,,,,http://facebook.com/Dirk-Mrotzeck-131467650346052/,,
,Florian,Kußmann,,fdp,,,m,,,,floriankussmann@mac.com,25,,,,Gastronom,8,275,,,,http://facebook.com/FlorianKussmannBTW2017/?fref=ts,,
,Ralph,Zimmermann,,fdp,,,m,,,,ralph-zimmermann-fdp@gmx.de,26,,,,Dipl.-Ing.,8,273,,,,,,
,Silke,Leber,,fdp,,,f,,,,silke.leber@fdp-heidenheim.de,27,,,,Bürokauffrau,8,270,,,,,,
,Tim,Hundertmark,,fdp,,,m,,http://www.tim-hundertmark.de,,kontakt@tim-hundertmark.de,28,,,,Bauingenieur,8,292,,,,http://facebook.com/tim.hundertmark.de,TimHundertmark,
,Gudrun Senta,Wilhelm,,fdp,,,f,,http://www.gudrun-wilhelm-in-den-bundestag.de,,info@gudrun-wilhelm.de,29,,,,,8,269,,,,http://facebook.com/profile.php?id=100009175526409&fref=ts,,
,Hans-Peter,Semmler,,fdp,,,m,,http://www.semmler-bio.de,,hans-peter@semmler.bio,30,,,,Geschäftsführer,8,263,,,,http://facebook.com/HPSFDP/?fref=ts,hps_bw,
,Hendrik,Tzschaschel,,fdp,,,m,,,,hendriktzschaschel@t-online.de,31,,,,Konrektor/Realschule,8,278,,,,,,
,Christian,Steffen-Stiehl,,fdp,,,m,,,,steffen-stiehl@fdp-bodensee.de.,32,,,,"Dipl.-Ing. (FH), Projektleiter",8,293,,,,http://facebook.com/Christian.Steffen.Stiehl.FDP/,,
,Trutz-Ulrich,Stephani,Dr.,fdp,,,m,,,,trutz-ulrich.stephani@fdp-ortenau.de,33,,,,Chemiker,8,284,,,,,,
,Marcel,Distl,,fdp,,,m,,,,marcel.distl@yahoo.com,34,,,,Student,8,266,,,,http://facebook.com/distl.fdp/?fref=ts,,
,Volker,Weil,,fdp,,,m,,,,fdp.volker.weil@gmx.de,35,,,,Diplom-Ökonom,8,259,,,,http://facebook.com/volkerweilfdp/,,
,Lutz,Hermann,Dr.,fdp,,,m,,,,dul.hermann@web.de,36,,,,Zahnarzt,8,280,,,,,,
,Sven,Kobbelt,,fdp,,,m,,,,kobbelt2017@gmail.com ,37,,,,,8,261,,,,,,
,Felix,Fischer,,fdp,,,m,,,,fischer@fischer-spezialmaschinen.de,0,,,,Geschäftsführer,8,283,,,,,,
